family,mean_positive_shap
Community,2.6785725789701007
Embeddings,1.189843873469864
Traditional,0.776067841491456
Centrality,0.17957012025384084
Edge Intelligence,0.12290412013909488
Other,0.0009163693050513903
